<?xml version="1.0" encoding="UTF-8"?>
<plugin>
  <name>Idea UserPic Plugin</name>
  <author>IdeaOne</author>
<!-- Feel free to include your github repo here -->
  <website>https://google.com</website>

<!-- the version of the plugin iteself -->
  <version>1.1.0</version>

<!-- release date of THIS version -->
  <release>Sept 7,2024</release>

<!-- the last version of UserSpice you tested the plugin with -->
  <tested>5.7.7</tested>

<!-- What does your plugin do? -->
  <description>This Plugin changes User pics to LoremPixum images post render .</description>

  <!-- This is the launch button in the plugin manager. If it is blank or missing, Configure Plugin will show up. -->
    <button></button>
</plugin>
